<?xml version="1.0" encoding="UTF-8" standalone="yes"?>
<addon id="service.subtitles.subdivx"
       name="Subdivx.com"
       version="0.4.2"
       provider-name="kodiar">
  <requires>
    <import addon="xbmc.python" version="3.0.0"/>
    <import addon="script.module.html2text" version="2020.1.16+matrix.2"/>
    <import addon="script.common.plugin.cache" version="2.5.5"/>
    <import addon="script.module.requests" version="2.27.1+matrix.1"/>
  </requires>
  <extension point="xbmc.subtitle.module"
             library="service.py" />
  <extension point="xbmc.addon.metadata">
    <summary lang="en_GB">Subdivx.com</summary>
    <description lang="es_AR">Busca y descarga subtítulos desde Subdivx.com</description>
    <description lang="en_GB">Search and download subtitles from Subdivx.com</description>
    <language>es en</language>
    <platform>all</platform>
    <license>GNU GENERAL PUBLIC LICENSE. Version 2, June 1991</license>
    <forum>https://forum.kodi.tv/showthread.php?tid=209064</forum>
    <source>https://github.com/kodiar/service.subtitles.subdivx</source>
    <news>v0.4.x
    - Adaptación a cambios en subdivx.com de febrero 2024
    </news>
    <assets>
      <icon>resources/icon.png</icon>
    </assets>
  </extension>
</addon>
